firm_id,website_url,source_cohort,fetch_ok,tier2_decision,model_id,pre_t1_has_product_catalog,pre_t1_has_order_cart,pre_t1_payment_methods,pre_t1_social_links,pre_t1_social_links_detail,pre_t1_marketplace_links,pre_t1_marketplace_links_detail,pre_t1_website_language,pre_t2_has_product_catalog,pre_t2_has_order_cart,pre_t2_payment_methods,pre_t2_social_links,pre_t2_marketplace_links,pre_t2_website_language,pre_t2_reason_catalog,pre_t2_reason_cart,gold_has_product_catalog,gold_has_order_cart,gold_payment_methods,gold_social_links,gold_marketplace_links,gold_website_language,reviewed,annotator,labeled_at,notes
0105196007,https://thuongmaidichvu.com.vn,frame_pilot,true,ok,qwen3:8b,true,false,,true,zalo:https://zalo.me/0983551110,false,,vi,abstain,abstain,abstain,abstain,abstain,,"Không có danh mục sản phẩm, chỉ có dịch vụ và thông tin liên hệ.","Không có thông tin giỏ hàng, đặt hàng, checkout trên trang.",,,,,,,false,,,
0105494187,https://giaiphong.com.vn,frame_pilot,true,ok,qwen3:8b,false,false,,false,,false,,vi,null,abstain,abstain,abstain,abstain,,"Trang có danh mục sản phẩm như xe tải, xe SUV, xe chở ô tô, và mô tả chi tiết các sản phẩm.","Không có thông tin về giỏ hàng, đặt hàng, hoặc checkout trên trang.",,,,,,,false,,,
0106069682,https://sonha.com.vn,frame_pilot,true,ok,qwen3:8b,true,true,,true,facebook:https://www.facebook.com/TapdoanSonHa/ | zalo:https://zalo.me/84944156390050911 | youtube:https://www.youtube.com/c/TapdoanSonHa,false,,vi,abstain,abstain,abstain,false,abstain,,Không có thông tin về danh mục sản phẩm cụ thể trên trang.,Không có thông tin về giỏ hàng hoặc checkout trên trang.,,,,,,,false,,,
0106149881,https://thanhhung.com.vn,frame_pilot,true,ok,qwen3:8b,false,false,,false,,false,,unknown,abstain,abstain,abstain,abstain,abstain,,Không có bằng chứng về danh mục sản phẩm,Không có bằng chứng về giỏ hàng hoặc checkout,,,,,,,false,,,
0106459280,https://kimlong.vn,frame_pilot,true,ok,qwen3:8b,true,true,,true,facebook:https://www.facebook.com/Web.Kimlong.vn/ | x:https://twitter.com/ | youtube:https://www.youtube.com/channel/UCiEZ8rizQZOjQqToZaajf5A/videos | instagram:https://www.instagram.com/ | zalo:http://zalo.me/0907 550 179 | +2,false,,vi,null,null,,abstain,abstain,,Trang có danh mục sản phẩm với nhiều loại sản phẩm được liệt kê.,Có nút 'Giỏ hàng' và 'Thanh toán' trên trang.,,,,,,,false,,,
0106898305,https://hopthanh.com.vn,frame_pilot,true,ok,qwen3:8b,true,true,,false,,false,,vi,abstain,abstain,abstain,abstain,abstain,,Không có bằng chứng về danh mục sản phẩm trong nội dung trang.,Không có bằng chứng về giỏ hàng hoặc checkout trên trang.,,,,,,,false,,,
0106908257,https://sangtao.com.vn,frame_pilot,true,ok,qwen3:8b,false,false,,false,,false,,vi,null,abstain,abstain,abstain,abstain,,"Trang có danh mục sản phẩm như Low Voltage Switchboards, Industrial Control Systems, Cable Support System.","Không có thông tin về giỏ hàng, đặt hàng hoặc checkout trên trang.",,,,,,,false,,,
0106939946,https://qua365.vn,frame_pilot,true,ok,qwen3:8b,false,false,,false,,false,,en,abstain,abstain,abstain,abstain,abstain,,"Trang đang hiển thị thông báo tài khoản bị tạm dừng, không có nội dung sản phẩm.",Không có thông tin về giỏ hàng hoặc đặt hàng trên trang.,,,,,,,false,,,
0107066638,https://thuyhuong.com,frame_pilot,true,ok,qwen3:8b,true,true,,false,,false,,en,abstain,null,,abstain,abstain,,"Trang không có danh mục sản phẩm, chỉ có thông tin về tên miền.",Có nút 'Shopping cart' và thông tin thanh toán.,,,,,,,false,,,
0107600881,https://susao.com,frame_pilot,true,ok,qwen3:8b,true,true,,false,,false,,en,abstain,abstain,abstain,abstain,abstain,,Không có thông tin về danh mục sản phẩm.,Không có thông tin về giỏ hàng hoặc đặt hàng.,,,,,,,false,,,
0107752475,https://huyentrang.com.vn,frame_pilot,true,ok,qwen3:8b,true,true,,false,,false,,vi,null,null,,false,false,,Trang có danh mục sản phẩm theo hãng và chủng loại.,"Không thấy cụm từ 'giỏ hàng', 'đặt hàng', 'checkout' hoặc 'mua ngay' trên trang.",,,,,,,false,,,
0108501682,https://hungphat.com.vn,frame_pilot,true,ok,qwen3:8b,true,true,,true,facebook:https://www.facebook.com/hungphat.giangiaocoppha | youtube:https://www.youtube.com/HungPhattv,false,,vi,null,null,,false,false,,"Trang có hiển thị các sản phẩm như Ringlock, Cuplock, Quicklock, Frame Plank, Props, Mono, Phụ kiện.",Không có thông tin cụ thể về giỏ hàng hoặc checkout trên trang.,,,,,,,false,,,
0108506747,https://thienma.com,frame_pilot,true,ok,qwen3:8b,false,false,,false,,false,,en,abstain,abstain,abstain,abstain,abstain,,Không có thông tin về danh mục sản phẩm,Không có thông tin về giỏ hàng hoặc đặt hàng,,,,,,,false,,,
0110454750,https://dinhvu.com.vn,frame_pilot,true,ok,qwen3:8b,true,true,,true,facebook:https://www.facebook.com/sharer.php?u=https://dinhvu.com.vn/ | x:https://twitter.com/share?url=https://dinhvu.com.vn/ | linkedin:https://www.linkedin.com/shareArticle?mini=true&url=https://dinhvu.com.vn/&title=Trang%20ch%E1%BB%A7 | zalo:http://zalo.me/0918649669,false,,vi,null,null,,false,false,,"Trang có danh mục sản phẩm như 'SẢN PHẨM' với các mục như bảng hiệu, hộp đèn, standee khung sắt.","Không có từ khóa 'giỏ hàng', 'đặt hàng', 'checkout' hoặc 'mua ngay' trên trang.",,,,,,,false,,,
0200344752-001,https://ha-long.com,frame_pilot,true,ok,qwen3:8b,false,false,,false,,false,,en,null,abstain,abstain,abstain,abstain,,Trang có mục '本店菜單' và '查看菜單' cho thấy có danh mục sản phẩm (menu) nhưng không phải danh sách sản phẩm đầy đủ.,"Không có thông tin về giỏ hàng, đặt hàng, checkout hoặc mua ngay trên website.",,,,,,,false,,,
0200835599-001,https://nghean.com,frame_pilot,true,ok,qwen3:8b,false,false,,false,,false,,en,abstain,abstain,abstain,abstain,abstain,,Không có thông tin về danh mục sản phẩm,Không có thông tin về giỏ hàng hoặc đặt hàng,,,,,,,false,,,
0201133137,https://datphat.vn,frame_pilot,true,ok,qwen3:8b,false,false,,false,,false,,vi,abstain,abstain,abstain,abstain,abstain,,Trang web hiện không hoạt động,Trang web hiện không hoạt động,,,,,,,false,,,
0304152188-003,https://annhon.com,frame_pilot,true,ok,qwen3:8b,true,true,,false,,false,,en,abstain,null,,abstain,abstain,,Trang không có danh mục sản phẩm mà là trang bán tên miền.,Có 'Shopping cart' trong tiêu đề và nút 'Start payment plan'.,,,,,,,false,,,
0304531098-001,https://manhthang.com.vn,frame_pilot,true,ok,qwen3:8b,true,true,,true,zalo:https://zalo.me/0934073399,false,,vi,true,true,other,abstain,abstain,vi,Trang có danh mục sản phẩm rõ ràng với nhiều loại sản phẩm được liệt kê.,Có nhiều dòng 'Liên hệ' và 'mua ngay' nhưng không có cụ thể giỏ hàng hoặc checkout.,,,,,,,false,,,
0304531098-002,https://manhthang.com.vn,frame_pilot,true,ok,qwen3:8b,true,true,,true,zalo:https://zalo.me/0934073399,false,,vi,true,true,other,abstain,abstain,vi,Trang có danh mục sản phẩm rõ ràng với nhiều loại sản phẩm được liệt kê.,Có nhiều dòng 'Liên hệ' và 'mua ngay' nhưng không có cụ thể giỏ hàng hoặc checkout.,,,,,,,false,,,
0306043498-001,https://chungmai.com,frame_pilot,true,ok,qwen3:8b,false,false,,false,,false,,en,null,abstain,abstain,abstain,abstain,,Trang có mục '產品' nhưng không có nội dung cụ thể về danh mục sản phẩm.,Không có bằng chứng về giỏ hàng hoặc checkout trên trang.,,,,,,,false,,,
0308808103-001,https://donga.com.vn,frame_pilot,true,ok,qwen3:8b,false,false,,false,,false,,vi,abstain,abstain,abstain,abstain,abstain,,Không có thông tin về danh mục sản phẩm,Không có thông tin về giỏ hàng hoặc đặt hàng,,,,,,,false,,,
0309129626-001,https://hungphat.com.vn,frame_pilot,true,ok,qwen3:8b,true,true,,true,facebook:https://www.facebook.com/hungphat.giangiaocoppha | youtube:https://www.youtube.com/HungPhattv,false,,vi,null,null,,false,false,,"Trang có hiển thị các sản phẩm như Ringlock, Cuplock, Quicklock, Frame Plank, Props, Mono, Phụ kiện.",Không có thông tin cụ thể về giỏ hàng hoặc checkout trên trang.,,,,,,,false,,,
0309438342-001,https://sanxuat.com,frame_pilot,true,ok,qwen3:8b,true,false,,false,,false,,vi,null,abstain,abstain,abstain,abstain,,"Trang có danh mục sản phẩm chi tiết với nhiều danh mục như Máy & Thiết Bị, Dụng Cụ Cầm Tay, Vật tư công nghiệp, Nhựa, Cao Su, Hóa Chất, Sơn, Vật liệu xây dựng, Bao Bì Đóng Gói, Dệt may, Da giày, Thực ","Không có thông tin về giỏ hàng, đặt hàng, checkout, hoặc mua ngay trên trang.",,,,,,,false,,,
0310188640,https://thanghoang.com,frame_pilot,true,ok,qwen3:8b,true,true,,true,facebook:https://www.facebook.com/hoangthangvibay | instagram:https://www.instagram.com/hoangthang59 | youtube:https://www.youtube.com/@hoangthangvibay | youtube:https://www.youtube.com/watch?v=0lgIf0RmPGk&t=64s,false,,vi,abstain,abstain,abstain,false,abstain,,Không có bằng chứng về danh mục sản phẩm.,Không có bằng chứng về giỏ hàng hoặc checkout.,,,,,,,false,,,
0310294688,https://haanh.com.vn,frame_pilot,true,ok,qwen3:8b,true,true,,true,zalo:https://zalo.me/,false,,vi,null,null,abstain,abstain,abstain,,"Trang có danh mục sản phẩm rõ ràng như 'Danh mục Tất cả', 'Nhiên liệu', 'Dầu mỡ bôi trơn', 'Vật tư thiết bị công nghiệp' và các dòng sản phẩm cụ thể.",Có dòng 'Giỏ hàng 0 0 Có 0 sản phẩm trong giỏ hàng Giỏ hàng đang trống.' cho thấy có giỏ hàng trên website.,,,,,,,false,,,
0311877065,https://phuocanh.com.vn,frame_pilot,true,ok,qwen3:8b,true,true,,true,zalo:https://zalo.me/0964079944,false,,vi,null,null,abstain,false,abstain,,Trang có danh mục sản phẩm với các loại cồi sò điệp khác nhau.,Có dòng 'No products in the cart. Return to shop' cho thấy có giỏ hàng.,,,,,,,false,,,
0311961327,https://hungcuong.com.vn,frame_pilot,true,ok,qwen3:8b,true,true,,true,facebook:https://www.facebook.com/VLXD-S%E1%BA%AFt-th%C3%A9p-H%C3%B9ng-C%C6%B0%E1%BB%9Dng-1479141895523396/ | zalo:http://business.zalo.me/,false,,vi,true,abstain,abstain,abstain,abstain,vi,"Trang có danh mục sản phẩm rõ ràng với nhiều loại sản phẩm như Thép Xây Dựng, Gạch Ốp Lát, Thiết Bị Vệ Sinh, v.v.","Không thấy thông tin về giỏ hàng, đặt hàng, checkout, hoặc mua ngay trên website.",,,,,,,false,,,
0311961327-001,https://hungcuong.com.vn,frame_pilot,true,ok,qwen3:8b,true,true,,true,facebook:https://www.facebook.com/VLXD-S%E1%BA%AFt-th%C3%A9p-H%C3%B9ng-C%C6%B0%E1%BB%9Dng-1479141895523396/ | zalo:http://business.zalo.me/,false,,vi,true,abstain,abstain,abstain,abstain,vi,"Trang có danh mục sản phẩm rõ ràng với nhiều loại sản phẩm như Thép Xây Dựng, Gạch Ốp Lát, Thiết Bị Vệ Sinh, v.v.","Không thấy thông tin về giỏ hàng, đặt hàng, checkout, hoặc mua ngay trên website.",,,,,,,false,,,
0312199045,https://hungcuong.com.vn,frame_pilot,true,ok,qwen3:8b,true,true,,true,facebook:https://www.facebook.com/VLXD-S%E1%BA%AFt-th%C3%A9p-H%C3%B9ng-C%C6%B0%E1%BB%9Dng-1479141895523396/ | zalo:http://business.zalo.me/,false,,vi,true,abstain,abstain,abstain,abstain,vi,"Trang có danh mục sản phẩm rõ ràng với nhiều loại sản phẩm như Thép Xây Dựng, Gạch Ốp Lát, Thiết Bị Vệ Sinh, v.v.","Không thấy thông tin về giỏ hàng, đặt hàng, checkout, hoặc mua ngay trên website.",,,,,,,false,,,
0312448164,https://vinhthuan.com,frame_pilot,true,ok,qwen3:8b,false,false,,false,,false,,vi,abstain,abstain,abstain,abstain,abstain,,Không có thông tin về danh mục sản phẩm,Không có thông tin về giỏ hàng hoặc checkout,,,,,,,false,,,
0312585026,https://haiminh.com.vn,frame_pilot,true,ok,qwen3:8b,true,true,,true,youtube:https://youtu.be/PxTynpneKFI | facebook:https://www.facebook.com/profile.php?id=100090730277865&locale=vi_VN | youtube:https://youtu.be/BkOuDaXicQg | zalo:https://zalo.me/,false,,vi,abstain,abstain,abstain,abstain,abstain,,Không có thông tin về danh mục sản phẩm.,Không có thông tin về giỏ hàng hoặc đặt hàng.,,,,,,,false,,,
0312761024,https://thuongmaidichvu.com.vn,frame_pilot,true,ok,qwen3:8b,true,false,,true,zalo:https://zalo.me/0983551110,false,,vi,abstain,abstain,abstain,abstain,abstain,,"Không có danh mục sản phẩm, chỉ có dịch vụ và thông tin liên hệ.","Không có thông tin giỏ hàng, đặt hàng, checkout trên trang.",,,,,,,false,,,
0312765364-001,https://sanxuat.com.vn,frame_pilot,true,ok,qwen3:8b,true,true,,true,zalo:https://zalo.me/0822791791,false,,vi,null,null,abstain,abstain,abstain,,"Trang có danh mục sản phẩm như 'Tủ điện', 'Trạm biến áp', 'Tủ rack', 'Thang máng cáp', 'Tủ công tơ', 'Trạm kiosk, trạm trụ hợp bộ' và các sản phẩm nổi bật.",Có mục 'Giỏ hàng' với thông báo 'Chưa có sản phẩm trong giỏ hàng.',,,,,,,false,,,
0313063960,https://ducthinh.com,frame_pilot,true,ok,qwen3:8b,true,true,,true,x:https://x.com | facebook:https://facebook.com | instagram:https://Instagram.com,false,,vi,null,null,,false,false,,"Trang có danh mục sản phẩm như 'Bột đá CaCO₃ cho Màng Thoáng Khí', 'Bột đá CaCO₃ cho Màng BOPP', v.v.",Có mục 'Đơn đặt hàng' nhưng không thấy nút giỏ hàng hoặc checkout rõ ràng.,,,,,,,false,,,
0313124451,https://chebienthucpham.com,frame_pilot,true,ok,qwen3:8b,true,true,,true,youtube:http://youtube.com/watch?v=vDYZxWNDm4k | youtube:http://youtube.com/watch?v=cf2SepLuKNg | youtube:http://youtube.com/watch?v=r9U7YtlV8u4 | youtube:http://youtube.com/watch?v=YKzeSwjcqKM | facebook:https://www.facebook.com/vinhphattech | +1,false,,vi,null,abstain,abstain,abstain,abstain,,Trang có danh mục sản phẩm rõ ràng với nhiều loại thiết bị và máy móc.,"Không có thông tin về giỏ hàng, đặt hàng hoặc checkout trên trang.",,,,,,,false,,,
0313176971,https://tienngan.com,frame_pilot,true,ok,qwen3:8b,true,true,cod,true,youtube:https://www.youtube.com/watch?v=BjqzBCZOGMc,false,,vi,null,null,,false,false,,"Có danh mục sản phẩm với các sản phẩm như 'Tử Xông Nhà – Copy 1', 'Tử Xông Nhà – Copy 2' và các sản phẩm tương tự.",Có nút 'Giỏ hàng' và thông báo 'Chưa có sản phẩm trong giỏ hàng.',,,,,,,false,,,
0313190687,https://phamhuong.vn,frame_pilot,true,ok,qwen3:8b,true,true,,true,zalo:https://zalo.me/0973466836 | facebook:https://www.facebook.com/TiemduongsinhPhamHuong | instagram:https://www.instagram.com/tiemduongsinhnkdnd | facebook:https://www.facebook.com/Chinaair.noidiatrung,true,tiktok:https://www.tiktok.com/@tiem_duongsinhnkdnd,vi,null,null,,abstain,abstain,,"Trang có danh mục sản phẩm như 'Sản phẩm', 'Chăm sóc sức khỏe', 'Chăm sóc body', 'Chăm sóc da mặt', 'Chăm sóc tóc', 'Combo' với các sản phẩm cụ thể được liệt kê.","Không thấy cụm từ 'giỏ hàng', 'đặt hàng', 'checkout', 'mua ngay' trên trang.",,,,,,,false,,,
0313344351,https://anha.vn,frame_pilot,true,ok,qwen3:8b,false,false,,false,,false,,unknown,abstain,abstain,abstain,abstain,abstain,,Không có thông tin về danh mục sản phẩm,Không có thông tin về giỏ hàng hoặc checkout,,,,,,,false,,,
0313561109,https://thanhtuan.com,frame_pilot,true,abstain,,false,false,,false,,false,,unknown,abstain,abstain,abstain,abstain,abstain,abstain,empty_page_text,empty_page_text,,,,,,,false,,,
0314342318-001,https://hungphat.com.vn,frame_pilot,true,ok,qwen3:8b,true,true,,true,facebook:https://www.facebook.com/hungphat.giangiaocoppha | youtube:https://www.youtube.com/HungPhattv,false,,vi,null,null,,false,false,,"Trang có hiển thị các sản phẩm như Ringlock, Cuplock, Quicklock, Frame Plank, Props, Mono, Phụ kiện.",Không có thông tin cụ thể về giỏ hàng hoặc checkout trên trang.,,,,,,,false,,,
0314447286,https://cuongphat.com.vn,frame_pilot,true,ok,qwen3:8b,true,true,,true,facebook:https://www.facebook.com/cuongphatnhasang | facebook:https://www.facebook.com/tongkhocuongphat | zalo:https://zalo.me/0966658962,false,,vi,true,true,abstain,abstain,abstain,vi,"Trang có danh mục sản phẩm rõ ràng như 'Danh mục sản phẩm Robot hút bụi', 'Thương hiệu BOSCH', 'Máy rửa bát', v.v.",Có dòng 'Giỏ hàng Chưa có sản phẩm trong giỏ hàng.' trên trang.,,,,,,,false,,,
0314491831-001,https://sanxuat.com.vn,frame_pilot,true,ok,qwen3:8b,true,true,,true,zalo:https://zalo.me/0822791791,false,,vi,null,null,abstain,abstain,abstain,,"Trang có danh mục sản phẩm như 'Tủ điện', 'Trạm biến áp', 'Tủ rack', 'Thang máng cáp', 'Tủ công tơ', 'Trạm kiosk, trạm trụ hợp bộ' và các sản phẩm nổi bật.",Có mục 'Giỏ hàng' với thông báo 'Chưa có sản phẩm trong giỏ hàng.',,,,,,,false,,,
0314558317,https://pho-vietz.com,frame_pilot,true,ok,qwen3:8b,false,false,,false,,false,,unknown,abstain,abstain,abstain,abstain,abstain,,Không có thông tin về danh mục sản phẩm,Không có thông tin về giỏ hàng hoặc đặt hàng,,,,,,,false,,,
0314581700-001,https://thanhtrung.vn,frame_pilot,true,ok,qwen3:8b,true,true,,false,,false,,mixed,null,abstain,abstain,abstain,abstain,,"Trang có danh mục sản phẩm với các phần như 'Our Products', 'Some Of Our Products', và danh sách các bộ phận máy gặt.","Không có thông tin về giỏ hàng, đặt hàng, hoặc checkout trên trang.",,,,,,,false,,,
0316206222,https://thienvu.com,frame_pilot,true,ok,qwen3:8b,false,false,,false,,false,,unknown,abstain,abstain,abstain,abstain,abstain,,Không có thông tin về danh mục sản phẩm,Không có thông tin về giỏ hàng hoặc đặt hàng,,,,,,,false,,,
0318193000,https://lugia.com.vn,frame_pilot,true,ok,qwen3:8b,true,true,cod,true,facebook:https://www.facebook.com/profile.php?id=100085464225868,false,,vi,null,null,,false,abstain,,Trang có danh mục sản phẩm rõ ràng với nhiều loại hóa chất khác nhau.,"Có thông tin về 'Đặt hàng' và 'Giao hàng 3-5 ngày sau khi quý khách đặt hàng', nhưng không thấy nút giỏ hàng trực tiếp.",,,,,,,false,,,
0319541807,https://meatplanet.com,frame_pilot,true,ok,qwen3:8b,true,true,,false,,false,,en,abstain,null,,abstain,abstain,,Trang không có danh mục sản phẩm mà chỉ là trang bán tên miền.,"Có 'Shopping cart' và các nút 'Buy now', 'Start payment plan'.",,,,,,,false,,,
0319606525,https://hungvn.com,frame_pilot,true,ok,qwen3:8b,false,false,,true,linkedin:https://www.linkedin.com/in/nthung2112/ | x:https://x.com/nthung2112,false,,mixed,abstain,abstain,abstain,abstain,abstain,,Không có danh mục sản phẩm hoặc danh sách sản phẩm.,"Không có thông tin về giỏ hàng, đặt hàng, checkout, hoặc mua ngay trên website.",,,,,,,false,,,
0401903802,https://transon.com.vn,frame_pilot,true,abstain,,false,false,,false,,false,,unknown,abstain,abstain,abstain,abstain,abstain,abstain,empty_page_text,empty_page_text,,,,,,,false,,,
0500414601,https://minhhien.com.vn,frame_pilot,true,ok,qwen3:8b,true,false,,true,facebook:https://www.facebook.com/andinagency | linkedin:https://www.linkedin.com/in/andin-jsc/ | facebook:https://www.facebook.com/ | linkedin:https://www.linkedin.com/ | instagram:https://www.instagram.com/ | +1,false,,vi,null,abstain,abstain,abstain,abstain,,"Trang có mục 'Sản phẩm nổi bật' với danh sách các sản phẩm cụ thể như 'Thiết kế website giáo dục Edupen', 'Phần mềm quản lý công việc ERP' v.v.","Không có thông tin về giỏ hàng, đặt hàng, checkout hoặc mua ngay trên trang.",,,,,,,false,,,
0601171842,https://biendong.com.vn,frame_pilot,true,ok,qwen3:8b,true,true,,false,,false,,vi,abstain,abstain,abstain,abstain,abstain,,Không có thông tin về danh mục sản phẩm.,Không có thông tin về giỏ hàng hoặc đặt hàng.,,,,,,,false,,,
0801138923,https://p-t.com,frame_pilot,true,ok,qwen3:8b,false,false,,false,,false,,en,abstain,abstain,abstain,abstain,abstain,,Không có thông tin về danh mục sản phẩm,Không có thông tin về giỏ hàng hoặc đặt hàng,,,,,,,false,,,
1101797552-001,https://mybinh.com.vn,frame_pilot,true,ok,qwen3:8b,true,true,,true,facebook:https://www.facebook.com/mybinhcompany | youtube:https://www.youtube.com/channel/UCub0VFVR7tGYuZJ0oxK1mnA | linkedin:https://www.linkedin.com/in/camryn-ho-479756186/ | zalo:https://zalo.me/0911383533,false,,vi,null,null,abstain,abstain,abstain,,"Trang có danh mục sản phẩm rõ ràng với các nhóm sản phẩm cho tôm, cá, tôm giống, nguyên liệu, v.v.",Có cụm từ 'Giỏ hàng' xuất hiện nhiều lần trên trang.,,,,,,,false,,,
1101827447,https://khanhha.vn,frame_pilot,true,ok,qwen3:8b,false,false,,false,,false,,vi,abstain,abstain,abstain,abstain,abstain,,Không có bằng chứng về danh mục sản phẩm trên trang.,Không có bằng chứng về giỏ hàng hoặc checkout trên trang.,,,,,,,false,,,
1201006412,https://hoanganh.com.vn,frame_pilot,true,ok,qwen3:8b,true,false,,true,facebook:https://www.facebook.com/www.hoanganh.com.vn/ | youtube:https://www.youtube.com/channel/UCwI4Gx3S2ZXJAvvsfqCPOwg | linkedin:https://www.linkedin.com/company/ho%C3%A0ng-anh-flavors-&-food-ingredients/,false,,vi,null,abstain,abstain,abstain,abstain,,"Trang web có các mục như 'Ngành đồ uống', 'Ngành mặn', 'Ngành sữa', 'Ngành đồ ngọt', 'Nguyên Liệu' và 'Bộ sưu tập hương liệu đa dạng', cho thấy có danh mục sản phẩm.","Không có thông tin về giỏ hàng, đặt hàng, checkout hoặc mua ngay trên trang web.",,,,,,,false,,,
1301009826,https://thuydung.com,frame_pilot,true,abstain,,false,false,,false,,false,,unknown,abstain,abstain,abstain,abstain,abstain,abstain,empty_page_text,empty_page_text,,,,,,,false,,,
1700557567,https://rachgiatech.com,frame_pilot,true,ok,qwen3:8b,true,true,cod,false,,false,,vi,null,null,,false,abstain,,"Trang có danh mục sản phẩm như Linh Kiện PC, Màn Hình PC, Main PC, v.v.",Có hiển thị 'Giỏ hàng' trên trang.,,,,,,,false,,,
1702036506,https://dongphuquoc.vn,frame_pilot,true,ok,qwen3:8b,true,true,cod,false,,false,,vi,null,null,abstain,false,abstain,,Trang có danh mục sản phẩm với các loại hải sản và đồ khô.,"Có nút 'Chọn mua' cho từng sản phẩm, nhưng không thấy nút giỏ hàng hoặc checkout rõ ràng.",,,,,,,false,,,
1702099658,https://nhuy.com.vn,frame_pilot,true,ok,qwen3:8b,true,true,,false,,false,,vi,null,null,,abstain,abstain,,Có từ khóa 'Sản phẩm' và nội dung liên quan đến danh sách sản phẩm.,Có nút 'được thêm vào giỏ hàng của bạn' và 'Xem giỏ hàng'.,,,,,,,false,,,
1801488750,https://giaiphong.com.vn,frame_pilot,true,ok,qwen3:8b,false,false,,false,,false,,vi,null,abstain,abstain,abstain,abstain,,"Trang có danh mục sản phẩm như xe tải, xe SUV, xe chở ô tô, và mô tả chi tiết các sản phẩm.","Không có thông tin về giỏ hàng, đặt hàng, hoặc checkout trên trang.",,,,,,,false,,,
2200510900,https://luongtran.com,frame_pilot,true,abstain,,false,false,,false,,false,,unknown,abstain,abstain,abstain,abstain,abstain,abstain,empty_page_text,empty_page_text,,,,,,,false,,,
AAA,https://anphatbioplastics.com,listed28,true,ok,qwen3:8b,true,true,cod,true,linkedin:https://www.linkedin.com/company/anphatplastics | youtube:https://www.youtube.com/@AnPhatHoldings,false,,vi,null,abstain,abstain,false,abstain,,"Trang có danh mục sản phẩm như 'Sản phẩm sinh học phân hủy hoàn toàn', 'Túi thân thiện môi trường', 'Túi sinh học phân hủy hoàn toàn', v.v.",Không có bằng chứng về giỏ hàng hoặc checkout trên trang.,,,,,,,false,,,
ANV,https://navicorp.com.vn,listed28,true,ok,qwen3:8b,true,false,,false,,false,,vi,null,abstain,abstain,false,abstain,,"Trang có mục 'Sản Phẩm' và 'Giá trị gia tăng' với thông tin về cá tra, cá basa, nhưng không có danh sách sản phẩm cụ thể để xem.","Không thấy thông tin về giỏ hàng, đặt hàng, checkout, hoặc mua ngay trên website.",,,,,,,false,,,
BFC,https://binhdien.com,listed28,true,ok,qwen3:8b,true,false,,true,zalo:https://zalo.me/3430450668306090899 | facebook:https://www.facebook.com/BinhDienDauTrau/ | youtube:https://www.youtube.com/binhdiendautrau,false,,vi,null,null,,false,false,,"Trang có mục 'Sản phẩm' với danh sách các sản phẩm như 'Sản phẩm tiết kiệm (hoạt chất A-A)', 'Đầu Trâu chuyên dùng NPK', 'Đầu Trâu' và các thông tin liên quan đến sản phẩm.","Không có thông tin cụ thể về giỏ hàng, đặt hàng, checkout hoặc mua ngay trên website.",,,,,,,false,,,
BMP,https://binhminhplastic.com.vn,listed28,true,ok,qwen3:8b,true,false,,true,facebook:https://www.facebook.com/binhminhplastic | zalo:https://zalo.me/nhuabinhminh | youtube:https://www.youtube.com/@congtycophannhuabinhminh1905,true,tiktok:https://www.tiktok.com/@binhminhplastic,vi,null,abstain,abstain,abstain,abstain,,"Trang có mục 'Sản phẩm' với danh sách các loại ống và phụ tùng nhựa, cùng với các mục như 'Catalogue', 'Bảng giá', 'Hướng dẫn kỹ thuật', và 'Sản phẩm mới'.","Không có thông tin về giỏ hàng, đặt hàng, checkout, hoặc mua ngay trên trang web.",,,,,,,false,,,
CSM,https://casumina.com,listed28,true,ok,qwen3:8b,true,true,,true,youtube:https://youtu.be/Z5Z-xmRSbzg?si=IDWXxTdiWHtsu92f | facebook:https://www.facebook.com/Casuminavn | zalo:https://zalo.me/2187648418711741062 | youtube:https://www.youtube.com/@casuminaofficial6579 | instagram:https://www.instagram.com/casumina_official | +1,true,tiktok:https://www.tiktok.com/@casumina_official,vi,true,null,none,false,false,vi,Trang có danh mục sản phẩm rõ ràng với nhiều loại lốp xe khác nhau.,Không thấy cụ thể giỏ hàng hoặc checkout trên trang.,,,,,,,false,,,
CSV,https://sochemvn.com,listed28,true,ok,qwen3:8b,true,true,,true,x:https://twitter.com/ | instagram:https://www.instagram.com/ | facebook:https://www.facebook.com/,false,,vi,null,null,,false,false,,Trang có danh mục sản phẩm với các loại sản phẩm được liệt kê rõ ràng.,Trang có mục 'Giỏ hàng' và hiển thị thông tin giỏ hàng.,,,,,,,false,,,
DCM,https://www.pvcfc.com.vn,listed28,true,ok,qwen3:8b,true,false,,true,youtube:https://youtu.be/vOHIFTmH2wM | facebook:https://www.facebook.com/phanboncamau/ | youtube:https://www.youtube.com/channel/UC8NCXHM6oO5PbEdl2B7Lydg,true,tiktok:https://www.tiktok.com/@phanboncamau,vi,null,null,,false,false,,"Trang web có mục 'Sản phẩm - Dịch vụ' với danh sách các sản phẩm như Phân đơn, Phân NPK, Phân hữu cơ, Phân bón khác.","Không có thông tin cụ thể về giỏ hàng, đặt hàng hoặc checkout trực tiếp trên trang.",,,,,,,false,,,
DGC,https://ducgiangchem.vn,listed28,true,ok,qwen3:8b,true,true,,false,,false,,vi,null,abstain,abstain,abstain,abstain,,"Trang có danh mục sản phẩm rõ ràng như 'Sản phẩm', 'Chất tẩy rửa', 'Phân bón', 'Ắc quy', v.v.","Không có thông tin về giỏ hàng, đặt hàng, checkout, hoặc mua ngay trên website.",,,,,,,false,,,
DPR,https://doruco.com.vn,listed28,true,ok,qwen3:8b,true,false,,false,,false,,vi,null,null,,abstain,abstain,,"Có mục 'Sản phẩm' và danh sách sản phẩm như SVR CV50, CV60, SVR 20, SVR 10.",Có mục 'Tra cứu đơn hàng' nhưng không thấy cụ thể giỏ hàng hoặc checkout.,,,,,,,false,,,
DQC,https://dienquang.com,listed28,true,ok,qwen3:8b,true,true,,true,facebook:https://www.facebook.com/dienquanglamp/ | linkedin:https://www.linkedin.com/company/dienquanggroup/ | youtube:https://www.youtube.com/channel/UCIjsb_poJsbKXNtoaYd-jiw/featured,false,,vi,true,true,cod,abstain,abstain,vi,"Trang có danh mục sản phẩm rõ ràng như 'Đèn Bàn', 'Ổ Cắm', 'Vợt Muỗi', 'Đèn Pin Sạc', v.v.",Có dòng 'Thêm vào giỏ hàng thành công! Xem giỏ hàng và thanh toán',,,,,,,false,,,
FPT,https://fpt.com.vn,listed28,true,ok,qwen3:8b,true,false,,true,facebook:https://www.facebook.com/91936967046/ | youtube:https://youtube.com/c/FPTCorporation | linkedin:https://www.linkedin.com/company/fpt-corporation | facebook:https://facebook.com/91936967046 | linkedin:https://linkedin.com/company/fpt-corporation,false,,vi,abstain,abstain,abstain,abstain,abstain,,Không có thông tin về danh mục sản phẩm.,Không có thông tin về giỏ hàng hoặc checkout.,,,,,,,false,,,
GVR,https://vrg.vn,listed28,true,ok,qwen3:8b,true,false,,false,,false,,vi,null,abstain,abstain,abstain,abstain,,"Trang có phần 'Sản phẩm công nghiệp cao su' với danh sách các sản phẩm như lốp xe, nệm gối, găng tay, bóng thể thao, v.v.","Không có thông tin về giỏ hàng, đặt hàng, checkout hoặc mua ngay trên trang web.",,,,,,,false,,,
HPG,https://www.hoaphat.com.vn,listed28,true,ok,qwen3:8b,true,false,,true,youtube:https://www.youtube.com/channel/UCj76PT6i5OBqBMgEGCHYdTA | facebook:https://www.facebook.com/tapdoanhoaphat1992/ | youtube:https://youtu.be/aNANN69TQyU?si=YJ5a1Gj775sLijAD | youtube:https://youtu.be/slUDCH0vnzs?si=kdIP_YOSvEdEpiie | youtube:https://youtu.be/fp_v_pRD2tI?si=hnuHM-QRtGelg8hJ | +16,false,,vi,null,abstain,abstain,abstain,abstain,,"Trang có danh mục sản phẩm như Gang thép, Ống thép, Tôn mạ màu, Điện máy gia dụng, v.v.",Không có thông tin về giỏ hàng hoặc checkout trên trang.,,,,,,,false,,,
HSG,https://hoasengroup.vn,listed28,true,ok,qwen3:8b,true,true,,true,facebook:https://www.facebook.com/hoasengroup.vn | youtube:https://www.youtube.com/@hoasengroupofficial | zalo:https://zalo.me/3569717439646182173 | facebook:https://www.facebook.com/tonhoasen.hsg | youtube:https://www.youtube.com/@CongtyCPTapdoanHoaSen | +3,true,tiktok:https://www.tiktok.com/@hoasengroup.vn | tiktok:https://www.tiktok.com/@nghesycuacongchung,vi,null,abstain,abstain,abstain,abstain,,"Trang có phần 'Sản Phẩm & Kênh Phân Phối' với mô tả về các sản phẩm như tôn, thép, ống kẽm, ống nhựa.","Không có thông tin về giỏ hàng, checkout, hoặc đặt hàng trực tiếp trên trang.",,,,,,,false,,,
IDI,https://idiseafood.com,listed28,true,ok,qwen3:8b,true,false,,true,facebook:https://www.facebook.com/idicorporationofficial?mibextid=LQQJ4d | youtube:https://www.youtube.com/@saomaigroup6051/videos,false,,en,null,abstain,abstain,abstain,abstain,,"Trang có danh mục sản phẩm với các loại sản phẩm như Fillets, Steak and Portion, Whole Fish, Other Cuts.","Không có thông tin về giỏ hàng, đặt hàng, checkout hoặc mua ngay trên website.",,,,,,,false,,,
MSN,https://masangroup.com,listed28,true,ok,qwen3:8b,false,false,,false,,false,,mixed,abstain,abstain,abstain,abstain,abstain,,Không có bằng chứng về danh mục sản phẩm trong nội dung trang.,Không có bằng chứng về giỏ hàng hoặc checkout trên trang.,,,,,,,false,,,
NKG,https://tonnamkim.com,listed28,true,ok,qwen3:8b,true,false,,false,,false,,vi,null,abstain,abstain,abstain,abstain,,"Trang có danh mục sản phẩm như 'Tôn lạnh màu AZ125', 'Tôn lạnh màu AZ150', 'Tôn lạnh màu PVDF', 'Tôn mạ kẽm (GI)', 'Tôn mạ hợp kim nhôm kẽm (GL)', 'Ống thép' được liệt kê rõ ràng.","Không có thông tin về giỏ hàng, đặt hàng, checkout hoặc mua ngay trên trang.",,,,,,,false,,,
PNJ,https://pnj.com.vn,listed28,true,ok,qwen3:8b,true,false,,false,,false,,vi,abstain,abstain,abstain,abstain,abstain,,Không có bằng chứng rõ ràng về danh mục sản phẩm trên trang.,Không có bằng chứng rõ ràng về giỏ hàng hoặc checkout trên trang.,,,,,,,false,,,
POM,http://www.pomina-steel.com,listed28,true,ok,qwen3:8b,true,false,,true,youtube:http://www.youtube.com,false,,vi,abstain,abstain,abstain,abstain,abstain,,Không có bằng chứng rõ ràng về danh mục sản phẩm trên trang.,"Không thấy thông tin về giỏ hàng, đặt hàng, checkout.",,,,,,,false,,,
QNS,https://qns.com.vn,listed28,true,ok,qwen3:8b,true,true,,true,facebook:https://www.facebook.com/INFO.QNS.COM.VN/ | youtube:https://www.youtube.com/@CongtyCophanDuongQuangNgai,false,,vi,true,abstain,abstain,abstain,abstain,vi,Trang có mục 'Sản phẩm' và 'Danh mục sản phẩm',"Không có thông tin về giỏ hàng, checkout, hoặc mua ngay trên website",,,,,,,false,,,
RAL,https://rangdong.com.vn,listed28,true,ok,qwen3:8b,true,true,,true,facebook:https://www.facebook.com/ralaco1961/ | youtube:https://www.youtube.com/channel/UCLT2YwlvmXUUDXWqPRPzojA,false,,vi,null,null,,abstain,false,,"Trang có danh mục sản phẩm rõ ràng như 'Sản phẩm', 'Danh mục gợi ý', 'Sản phẩm dự án', 'Sản phẩm chiếu sáng', 'Sản phẩm học đường', v.v.","Có mục 'Điểm mua hàng', 'Gian hàng trực tuyến', 'Cửa hàng đại lý', 'Showroom trải nghiệm', nhưng không thấy cụ thể giỏ hàng hoặc checkout.",,,,,,,false,,,
REE,https://reecorp.com,listed28,true,ok,qwen3:8b,true,false,,true,facebook:https://www.facebook.com/REEcorp.1977/ | linkedin:https://www.linkedin.com/company/reecorp1977/ | youtube:https://www.youtube.com/c/REECorporation1977,false,,vi,abstain,abstain,abstain,abstain,abstain,,Không có thông tin về danh mục sản phẩm,Không có thông tin về giỏ hàng hoặc checkout,,,,,,,false,,,
SBT,https://ttcagris.com.vn,listed28,true,ok,qwen3:8b,true,false,,false,,false,,vi,null,abstain,abstain,false,abstain,,"Trang có danh mục sản phẩm rõ ràng như 'Our Product & Service', 'Food products', 'Sugar products', 'Nutritional products', v.v.","Không có thông tin về giỏ hàng, đặt hàng, checkout, hoặc mua ngay trên website.",,,,,,,false,,,
TLH,https://www.tienlengroup.vn,listed28,true,ok,qwen3:8b,true,true,,false,,false,,vi,abstain,abstain,abstain,abstain,abstain,,Không có danh mục sản phẩm cụ thể được liệt kê trong nội dung trang.,"Không có thông tin về giỏ hàng, đặt hàng, checkout hoặc mua ngay trên website.",,,,,,,false,,,
TYA,https://taya.com.vn,listed28,true,ok,qwen3:8b,true,false,,true,zalo:https://zalo.me/,false,,vi,null,abstain,abstain,abstain,abstain,,"Trang có danh mục sản phẩm với các nhóm sản phẩm như Dây & Cáp Điện, Cáp Điện Trung Thế, Cáp Điện Chống Cháy, Dây Điện Từ, Thiết Bị Điện.","Không có thông tin về giỏ hàng, đặt hàng, checkout, hoặc mua ngay trên trang.",,,,,,,false,,,
VHC,https://vinhhoan.com,listed28,true,ok,qwen3:8b,true,true,,true,facebook:https://www.facebook.com/vinhhoancorp | youtube:https://www.youtube.com/channel/UCGaIYk8aymM97i46phAKusA | linkedin:https://www.linkedin.com/company/6592449/admin/,false,,vi,null,abstain,abstain,false,abstain,,"Trang có danh mục sản phẩm với các mục như 'Our Products Categories', liệt kê nhiều sản phẩm như Pangasius Fillets, Fish Collagen, Fish Gelatin, Fish Tofu, Crab Chunk, Crabstick, v.v.","Không có thông tin về giỏ hàng, đặt hàng, checkout, hoặc mua ngay trên website.",,,,,,,false,,,
VNM,https://vinamilk.com.vn,listed28,true,ok,qwen3:8b,true,true,cod,true,facebook:https://www.facebook.com/LifeAtVinamilk | facebook:https://www.facebook.com/vinamilkofficial | instagram:https://www.instagram.com/vinamilk_lovenature/ | linkedin:https://www.linkedin.com/company/vinamilk | youtube:https://www.youtube.com/channel/UCS9JKqDiIJqps1S8kpcx2Xg,true,tiktok:https://www.tiktok.com/@vinamilk.official,vi,null,null,,abstain,abstain,,Trang có danh mục sản phẩm với nhiều loại sữa và sản phẩm khác nhau được liệt kê chi tiết.,"Có từ khóa 'Sắm sửa' và 'Cửa hàng', nhưng không có cụm từ rõ ràng như 'giỏ hàng' hoặc 'đặt hàng'.",,,,,,,false,,,
