firm_id,field,kind,tier1_value,tier2_value,tier2_abstain,note,evidence
RAL,has_product_catalog,abstain,True,,True,tier2_disabled,
RAL,has_order_cart,abstain,True,,True,tier2_disabled,
RAL,payment_methods,abstain,[],[],True,tier2_disabled,
RAL,social_links,abstain,"[{'platform': 'facebook', 'url': 'https://www.facebook.com/ralaco1961/'}, {'platform': 'youtube', 'url': 'https://www.youtube.com/channel/UCLT2YwlvmXUUDXWqPRPzojA'}]",[],True,tier2_disabled,
RAL,marketplace_links,abstain,[],[],True,tier2_disabled,
RAL,website_language,abstain,vi,,True,tier2_disabled,
HPG,has_product_catalog,abstain,True,,True,tier2_disabled,
HPG,has_order_cart,abstain,False,,True,tier2_disabled,
HPG,payment_methods,abstain,[],[],True,tier2_disabled,
HPG,social_links,abstain,"[{'platform': 'youtube', 'url': 'https://www.youtube.com/channel/UCj76PT6i5OBqBMgEGCHYdTA'}, {'platform': 'facebook', 'url': 'https://www.facebook.com/tapdoanhoaphat1992/'}, {'platform': 'youtube', 'url': 'https://youtu.be/aNANN69TQyU?si=YJ5a1Gj775sLijAD'}, {'platform': 'youtube', 'url': 'https://youtu.be/slUDCH0vnzs?si=kdIP_YOSvEdEpiie'}, {'platform': 'youtube', 'url': 'https://youtu.be/fp_v_pRD2tI?si=hnuHM-QRtGelg8hJ'}, {'platform': 'youtube', 'url': 'https://youtu.be/PUzQLNxjfBU?si=VPRPxITyLqmqPUeR'}, {'platform': 'youtube', 'url': 'https://youtu.be/1FtM0H6yVQg?si=2s07RBKWlHMCCIKx'}, {'platform': 'youtube', 'url': 'https://youtu.be/cLn5h643aho?si=JmoT4zP7TzSU1Wkd'}, {'platform': 'youtube', 'url': 'https://youtu.be/1Bu-1ZiqJJo?si=kgn2tqn_qEbiCEMx'}, {'platform': 'youtube', 'url': 'https://youtu.be/XSQ4czzHMwk?si=FEcoABO8sx20APCd'}, {'platform': 'youtube', 'url': 'https://youtu.be/wrUKV1uXjDM?si=YLbwYKqln6N7_m75'}, {'platform': 'facebook', 'url': 'https://www.facebook.com/sharer/sharer.php?app_id=385713232082700&u=https://www.hoaphat.com.vn/van-hoa-doanh-nghiep/hoa-phat-nop-ngan-sach-13-000-ty-dong-tai-20-tinh-thanh-tren-ca-nuoc-trong-nam-2025.html'}, {'platform': 'x', 'url': 'http://twitter.com/share?text=Hòa Phát nộp ngân sách 13.000 tỷ đồng tại 20 tỉnh thành trên cả nước trong năm 2025&url=https://www.hoaphat.com.vn/van-hoa-doanh-nghiep/hoa-phat-nop-ngan-sach-13-000-ty-dong-tai-20-tinh-thanh-tren-ca-nuoc-trong-nam-2025.html'}, {'platform': 'linkedin', 'url': 'https://www.linkedin.com/shareArticle?mini=true&url=https://www.hoaphat.com.vn/van-hoa-doanh-nghiep/hoa-phat-nop-ngan-sach-13-000-ty-dong-tai-20-tinh-thanh-tren-ca-nuoc-trong-nam-2025.html&title=Hòa Phát nộp ngân sách 13.000 tỷ đồng tại 20 tỉnh thành trên cả nước trong năm 2025&summary=Năm 2025, Tập đoàn Hòa Phát đã đóng góp ngân sách Nhà nước 13.000 tỷ đồng tại 20 tỉnh thành trên cả nước. Trong đó, Thép Hòa Phát Dung Quất, Thép Hòa Phát Hải Dương là ...&source=HoaPhat'}, {'platform': 'facebook', 'url': 'https://www.facebook.com/sharer/sharer.php?app_id=385713232082700&u=https://www.hoaphat.com.vn/van-hoa-doanh-nghiep/hoa-phat-mang--xuan-yeu-thuong--den-3-000-ho-gia-dinh-co-hoan-canh-kho-khan-tren-ca-nuoc.html'}, {'platform': 'x', 'url': 'http://twitter.com/share?text=Hòa Phát mang “Xuân yêu thương” đến 3.000 hộ gia đình có hoàn cảnh khó khăn trên cả nước&url=https://www.hoaphat.com.vn/van-hoa-doanh-nghiep/hoa-phat-mang--xuan-yeu-thuong--den-3-000-ho-gia-dinh-co-hoan-canh-kho-khan-tren-ca-nuoc.html'}, {'platform': 'linkedin', 'url': 'https://www.linkedin.com/shareArticle?mini=true&url=https://www.hoaphat.com.vn/van-hoa-doanh-nghiep/hoa-phat-mang--xuan-yeu-thuong--den-3-000-ho-gia-dinh-co-hoan-canh-kho-khan-tren-ca-nuoc.html&title=Hòa Phát mang “Xuân yêu thương” đến 3.000 hộ gia đình có hoàn cảnh khó khăn trên cả nước&summary=Trước thềm Tết Nguyên đán Bính Ngọ 2026, Hòa Phát đã trao 3.000 suất quà Tết cho người nghèo, hộ gia đình có hoàn cảnh khó khăn tại nhiều địa phương trên cả nước như: ...&source=HoaPhat'}, {'platform': 'facebook', 'url': 'https://www.facebook.com/sharer/sharer.php?app_id=385713232082700&u=https://www.hoaphat.com.vn/van-hoa-doanh-nghiep/hoa-phat-va-nhung-hoat-dong-xa-hoi-tu-thien-co-y-nghia-nam-2025.html'}, {'platform': 'x', 'url': 'http://twitter.com/share?text=Hòa Phát và những hoạt động xã hội, từ thiện có ý nghĩa năm 2025&url=https://www.hoaphat.com.vn/van-hoa-doanh-nghiep/hoa-phat-va-nhung-hoat-dong-xa-hoi-tu-thien-co-y-nghia-nam-2025.html'}, {'platform': 'linkedin', 'url': 'https://www.linkedin.com/shareArticle?mini=true&url=https://www.hoaphat.com.vn/van-hoa-doanh-nghiep/hoa-phat-va-nhung-hoat-dong-xa-hoi-tu-thien-co-y-nghia-nam-2025.html&title=Hòa Phát và những hoạt động xã hội, từ thiện có ý nghĩa năm 2025&summary=Hơn 30 năm qua, Hòa Phát luôn thực hiện trách nhiệm xã hội của doanh nghiệp với phương châm “Hòa hợp cùng phát triển”. Trong năm 2025, Tập đoàn Hòa Phát triển khai nhiều ...&source=HoaPhat'}, {'platform': 'youtube', 'url': 'https://www.youtube.com/user/nghihd/'}]",[],True,tier2_disabled,
HPG,marketplace_links,abstain,[],[],True,tier2_disabled,
HPG,website_language,abstain,vi,,True,tier2_disabled,
VNM,has_product_catalog,abstain,True,,True,tier2_disabled,
VNM,has_order_cart,abstain,True,,True,tier2_disabled,
VNM,payment_methods,abstain,['cod'],[],True,tier2_disabled,
VNM,social_links,abstain,"[{'platform': 'facebook', 'url': 'https://www.facebook.com/LifeAtVinamilk'}, {'platform': 'facebook', 'url': 'https://www.facebook.com/vinamilkofficial'}, {'platform': 'instagram', 'url': 'https://www.instagram.com/vinamilk_lovenature/'}, {'platform': 'linkedin', 'url': 'https://www.linkedin.com/company/vinamilk'}, {'platform': 'youtube', 'url': 'https://www.youtube.com/channel/UCS9JKqDiIJqps1S8kpcx2Xg'}]",[],True,tier2_disabled,
VNM,marketplace_links,abstain,"[{'platform': 'tiktok', 'url': 'https://www.tiktok.com/@vinamilk.official'}]",[],True,tier2_disabled,
VNM,website_language,abstain,vi,,True,tier2_disabled,
FPT,has_product_catalog,abstain,True,,True,tier2_disabled,
FPT,has_order_cart,abstain,False,,True,tier2_disabled,
FPT,payment_methods,abstain,[],[],True,tier2_disabled,
FPT,social_links,abstain,"[{'platform': 'facebook', 'url': 'https://www.facebook.com/91936967046/'}, {'platform': 'youtube', 'url': 'https://youtube.com/c/FPTCorporation'}, {'platform': 'linkedin', 'url': 'https://www.linkedin.com/company/fpt-corporation'}, {'platform': 'facebook', 'url': 'https://facebook.com/91936967046'}, {'platform': 'linkedin', 'url': 'https://linkedin.com/company/fpt-corporation'}]",[],True,tier2_disabled,
FPT,marketplace_links,abstain,[],[],True,tier2_disabled,
FPT,website_language,abstain,vi,,True,tier2_disabled,
GVR,has_product_catalog,abstain,True,,True,tier2_disabled,
GVR,has_order_cart,abstain,False,,True,tier2_disabled,
GVR,payment_methods,abstain,[],[],True,tier2_disabled,
GVR,social_links,abstain,[],[],True,tier2_disabled,
GVR,marketplace_links,abstain,[],[],True,tier2_disabled,
GVR,website_language,abstain,vi,,True,tier2_disabled,
DGC,has_product_catalog,abstain,True,,True,tier2_disabled,
DGC,has_order_cart,abstain,True,,True,tier2_disabled,
DGC,payment_methods,abstain,[],[],True,tier2_disabled,
DGC,social_links,abstain,[],[],True,tier2_disabled,
DGC,marketplace_links,abstain,[],[],True,tier2_disabled,
DGC,website_language,abstain,vi,,True,tier2_disabled,
MSN,has_product_catalog,abstain,False,,True,tier2_disabled,
MSN,has_order_cart,abstain,False,,True,tier2_disabled,
MSN,payment_methods,abstain,[],[],True,tier2_disabled,
MSN,social_links,abstain,[],[],True,tier2_disabled,
MSN,marketplace_links,abstain,[],[],True,tier2_disabled,
MSN,website_language,abstain,mixed,,True,tier2_disabled,
PNJ,has_product_catalog,abstain,True,,True,tier2_disabled,
PNJ,has_order_cart,abstain,False,,True,tier2_disabled,
PNJ,payment_methods,abstain,[],[],True,tier2_disabled,
PNJ,social_links,abstain,[],[],True,tier2_disabled,
PNJ,marketplace_links,abstain,[],[],True,tier2_disabled,
PNJ,website_language,abstain,vi,,True,tier2_disabled,
REE,has_product_catalog,abstain,True,,True,tier2_disabled,
REE,has_order_cart,abstain,False,,True,tier2_disabled,
REE,payment_methods,abstain,[],[],True,tier2_disabled,
REE,social_links,abstain,"[{'platform': 'facebook', 'url': 'https://www.facebook.com/REEcorp.1977/'}, {'platform': 'linkedin', 'url': 'https://www.linkedin.com/company/reecorp1977/'}, {'platform': 'youtube', 'url': 'https://www.youtube.com/c/REECorporation1977'}]",[],True,tier2_disabled,
REE,marketplace_links,abstain,[],[],True,tier2_disabled,
REE,website_language,abstain,vi,,True,tier2_disabled,
BMP,has_product_catalog,abstain,True,,True,tier2_disabled,
BMP,has_order_cart,abstain,False,,True,tier2_disabled,
BMP,payment_methods,abstain,[],[],True,tier2_disabled,
BMP,social_links,abstain,"[{'platform': 'facebook', 'url': 'https://www.facebook.com/binhminhplastic'}, {'platform': 'zalo', 'url': 'https://zalo.me/nhuabinhminh'}, {'platform': 'youtube', 'url': 'https://www.youtube.com/@congtycophannhuabinhminh1905'}]",[],True,tier2_disabled,
BMP,marketplace_links,abstain,"[{'platform': 'tiktok', 'url': 'https://www.tiktok.com/@binhminhplastic'}]",[],True,tier2_disabled,
BMP,website_language,abstain,vi,,True,tier2_disabled,
VHC,has_product_catalog,abstain,True,,True,tier2_disabled,
VHC,has_order_cart,abstain,True,,True,tier2_disabled,
VHC,payment_methods,abstain,[],[],True,tier2_disabled,
VHC,social_links,abstain,"[{'platform': 'facebook', 'url': 'https://www.facebook.com/vinhhoancorp'}, {'platform': 'youtube', 'url': 'https://www.youtube.com/channel/UCGaIYk8aymM97i46phAKusA'}, {'platform': 'linkedin', 'url': 'https://www.linkedin.com/company/6592449/admin/'}]",[],True,tier2_disabled,
VHC,marketplace_links,abstain,[],[],True,tier2_disabled,
VHC,website_language,abstain,vi,,True,tier2_disabled,
ANV,has_product_catalog,abstain,True,,True,tier2_disabled,
ANV,has_order_cart,abstain,False,,True,tier2_disabled,
ANV,payment_methods,abstain,[],[],True,tier2_disabled,
ANV,social_links,abstain,[],[],True,tier2_disabled,
ANV,marketplace_links,abstain,[],[],True,tier2_disabled,
ANV,website_language,abstain,vi,,True,tier2_disabled,
IDI,has_product_catalog,abstain,True,,True,tier2_disabled,
IDI,has_order_cart,abstain,False,,True,tier2_disabled,
IDI,payment_methods,abstain,[],[],True,tier2_disabled,
IDI,social_links,abstain,"[{'platform': 'facebook', 'url': 'https://www.facebook.com/idicorporationofficial?mibextid=LQQJ4d'}, {'platform': 'youtube', 'url': 'https://www.youtube.com/@saomaigroup6051/videos'}]",[],True,tier2_disabled,
IDI,marketplace_links,abstain,[],[],True,tier2_disabled,
IDI,website_language,abstain,en,,True,tier2_disabled,
SBT,has_product_catalog,abstain,True,,True,tier2_disabled,
SBT,has_order_cart,abstain,False,,True,tier2_disabled,
SBT,payment_methods,abstain,[],[],True,tier2_disabled,
SBT,social_links,abstain,[],[],True,tier2_disabled,
SBT,marketplace_links,abstain,[],[],True,tier2_disabled,
SBT,website_language,abstain,vi,,True,tier2_disabled,
QNS,has_product_catalog,abstain,True,,True,tier2_disabled,
QNS,has_order_cart,abstain,True,,True,tier2_disabled,
QNS,payment_methods,abstain,[],[],True,tier2_disabled,
QNS,social_links,abstain,"[{'platform': 'facebook', 'url': 'https://www.facebook.com/INFO.QNS.COM.VN/'}, {'platform': 'youtube', 'url': 'https://www.youtube.com/@CongtyCophanDuongQuangNgai'}]",[],True,tier2_disabled,
QNS,marketplace_links,abstain,[],[],True,tier2_disabled,
QNS,website_language,abstain,vi,,True,tier2_disabled,
HSG,has_product_catalog,abstain,True,,True,tier2_disabled,
HSG,has_order_cart,abstain,True,,True,tier2_disabled,
HSG,payment_methods,abstain,[],[],True,tier2_disabled,
HSG,social_links,abstain,"[{'platform': 'facebook', 'url': 'https://www.facebook.com/hoasengroup.vn'}, {'platform': 'youtube', 'url': 'https://www.youtube.com/@hoasengroupofficial'}, {'platform': 'zalo', 'url': 'https://zalo.me/3569717439646182173'}, {'platform': 'facebook', 'url': 'https://www.facebook.com/tonhoasen.hsg'}, {'platform': 'youtube', 'url': 'https://www.youtube.com/@CongtyCPTapdoanHoaSen'}, {'platform': 'tiktok', 'url': 'https://www.tiktok.com/@hoasengroup.vn'}, {'platform': 'zalo', 'url': 'https://zalo.me/2867298229687548991'}, {'platform': 'tiktok', 'url': 'https://www.tiktok.com/@nghesycuacongchung'}]",[],True,tier2_disabled,
HSG,marketplace_links,abstain,"[{'platform': 'tiktok', 'url': 'https://www.tiktok.com/@hoasengroup.vn'}, {'platform': 'tiktok', 'url': 'https://www.tiktok.com/@nghesycuacongchung'}]",[],True,tier2_disabled,
HSG,website_language,abstain,vi,,True,tier2_disabled,
NKG,has_product_catalog,abstain,True,,True,tier2_disabled,
NKG,has_order_cart,abstain,False,,True,tier2_disabled,
NKG,payment_methods,abstain,[],[],True,tier2_disabled,
NKG,social_links,abstain,[],[],True,tier2_disabled,
NKG,marketplace_links,abstain,[],[],True,tier2_disabled,
NKG,website_language,abstain,vi,,True,tier2_disabled,
POM,has_product_catalog,abstain,True,,True,tier2_disabled,
POM,has_order_cart,abstain,False,,True,tier2_disabled,
POM,payment_methods,abstain,[],[],True,tier2_disabled,
POM,social_links,abstain,"[{'platform': 'youtube', 'url': 'http://www.youtube.com'}]",[],True,tier2_disabled,
POM,marketplace_links,abstain,[],[],True,tier2_disabled,
POM,website_language,abstain,vi,,True,tier2_disabled,
TLH,has_product_catalog,abstain,True,,True,tier2_disabled,
TLH,has_order_cart,abstain,True,,True,tier2_disabled,
TLH,payment_methods,abstain,[],[],True,tier2_disabled,
TLH,social_links,abstain,[],[],True,tier2_disabled,
TLH,marketplace_links,abstain,[],[],True,tier2_disabled,
TLH,website_language,abstain,vi,,True,tier2_disabled,
DQC,has_product_catalog,abstain,True,,True,tier2_disabled,
DQC,has_order_cart,abstain,True,,True,tier2_disabled,
DQC,payment_methods,abstain,[],[],True,tier2_disabled,
DQC,social_links,abstain,"[{'platform': 'facebook', 'url': 'https://www.facebook.com/dienquanglamp/'}, {'platform': 'linkedin', 'url': 'https://www.linkedin.com/company/dienquanggroup/'}, {'platform': 'youtube', 'url': 'https://www.youtube.com/channel/UCIjsb_poJsbKXNtoaYd-jiw/featured'}]",[],True,tier2_disabled,
DQC,marketplace_links,abstain,[],[],True,tier2_disabled,
DQC,website_language,abstain,vi,,True,tier2_disabled,
GEE,*,skip,,,True,fetch_failed_or_no_tier1,
TYA,has_product_catalog,abstain,True,,True,tier2_disabled,
TYA,has_order_cart,abstain,False,,True,tier2_disabled,
TYA,payment_methods,abstain,[],[],True,tier2_disabled,
TYA,social_links,abstain,"[{'platform': 'zalo', 'url': 'https://zalo.me/'}]",[],True,tier2_disabled,
TYA,marketplace_links,abstain,[],[],True,tier2_disabled,
TYA,website_language,abstain,vi,,True,tier2_disabled,
DPR,has_product_catalog,abstain,True,,True,tier2_disabled,
DPR,has_order_cart,abstain,False,,True,tier2_disabled,
DPR,payment_methods,abstain,[],[],True,tier2_disabled,
DPR,social_links,abstain,[],[],True,tier2_disabled,
DPR,marketplace_links,abstain,[],[],True,tier2_disabled,
DPR,website_language,abstain,vi,,True,tier2_disabled,
CSM,has_product_catalog,abstain,True,,True,tier2_disabled,
CSM,has_order_cart,abstain,True,,True,tier2_disabled,
CSM,payment_methods,abstain,[],[],True,tier2_disabled,
CSM,social_links,abstain,"[{'platform': 'youtube', 'url': 'https://youtu.be/Z5Z-xmRSbzg?si=IDWXxTdiWHtsu92f'}, {'platform': 'facebook', 'url': 'https://www.facebook.com/Casuminavn'}, {'platform': 'zalo', 'url': 'https://zalo.me/2187648418711741062'}, {'platform': 'youtube', 'url': 'https://www.youtube.com/@casuminaofficial6579'}, {'platform': 'instagram', 'url': 'https://www.instagram.com/casumina_official'}, {'platform': 'tiktok', 'url': 'https://www.tiktok.com/@casumina_official'}]",[],True,tier2_disabled,
CSM,marketplace_links,abstain,"[{'platform': 'tiktok', 'url': 'https://www.tiktok.com/@casumina_official'}]",[],True,tier2_disabled,
CSM,website_language,abstain,vi,,True,tier2_disabled,
AAA,has_product_catalog,abstain,True,,True,tier2_disabled,
AAA,has_order_cart,abstain,True,,True,tier2_disabled,
AAA,payment_methods,abstain,['cod'],[],True,tier2_disabled,
AAA,social_links,abstain,"[{'platform': 'linkedin', 'url': 'https://www.linkedin.com/company/anphatplastics'}, {'platform': 'youtube', 'url': 'https://www.youtube.com/@AnPhatHoldings'}]",[],True,tier2_disabled,
AAA,marketplace_links,abstain,[],[],True,tier2_disabled,
AAA,website_language,abstain,vi,,True,tier2_disabled,
DCM,has_product_catalog,abstain,True,,True,tier2_disabled,
DCM,has_order_cart,abstain,False,,True,tier2_disabled,
DCM,payment_methods,abstain,[],[],True,tier2_disabled,
DCM,social_links,abstain,"[{'platform': 'youtube', 'url': 'https://youtu.be/vOHIFTmH2wM'}, {'platform': 'facebook', 'url': 'https://www.facebook.com/phanboncamau/'}, {'platform': 'youtube', 'url': 'https://www.youtube.com/channel/UC8NCXHM6oO5PbEdl2B7Lydg'}]",[],True,tier2_disabled,
DCM,marketplace_links,abstain,"[{'platform': 'tiktok', 'url': 'https://www.tiktok.com/@phanboncamau'}]",[],True,tier2_disabled,
DCM,website_language,abstain,vi,,True,tier2_disabled,
BFC,has_product_catalog,abstain,True,,True,tier2_disabled,
BFC,has_order_cart,abstain,False,,True,tier2_disabled,
BFC,payment_methods,abstain,[],[],True,tier2_disabled,
BFC,social_links,abstain,"[{'platform': 'zalo', 'url': 'https://zalo.me/3430450668306090899'}, {'platform': 'facebook', 'url': 'https://www.facebook.com/BinhDienDauTrau/'}, {'platform': 'youtube', 'url': 'https://www.youtube.com/binhdiendautrau'}]",[],True,tier2_disabled,
BFC,marketplace_links,abstain,[],[],True,tier2_disabled,
BFC,website_language,abstain,vi,,True,tier2_disabled,
CSV,has_product_catalog,abstain,True,,True,tier2_disabled,
CSV,has_order_cart,abstain,True,,True,tier2_disabled,
CSV,payment_methods,abstain,[],[],True,tier2_disabled,
CSV,social_links,abstain,"[{'platform': 'x', 'url': 'https://twitter.com/'}, {'platform': 'instagram', 'url': 'https://www.instagram.com/'}, {'platform': 'facebook', 'url': 'https://www.facebook.com/'}]",[],True,tier2_disabled,
CSV,marketplace_links,abstain,[],[],True,tier2_disabled,
CSV,website_language,abstain,vi,,True,tier2_disabled,
0101164727-001,*,skip,,,True,fetch_failed_or_no_tier1,
0101552800-003,*,skip,,,True,fetch_failed_or_no_tier1,
0103472639-002,*,skip,,,True,fetch_failed_or_no_tier1,
0104076740,has_product_catalog,abstain,False,,True,tier2_disabled,
0104076740,has_order_cart,abstain,False,,True,tier2_disabled,
0104076740,payment_methods,abstain,[],[],True,tier2_disabled,
0104076740,social_links,abstain,"[{'platform': 'youtube', 'url': 'https://youtu.be/SK5d9keJsSE'}]",[],True,tier2_disabled,
0104076740,marketplace_links,abstain,[],[],True,tier2_disabled,
0104076740,website_language,abstain,vi,,True,tier2_disabled,
0104937284-004,*,skip,,,True,fetch_failed_or_no_tier1,
0105196007,*,skip,,,True,fetch_failed_or_no_tier1,
0105365865,*,skip,,,True,fetch_failed_or_no_tier1,
0105906553,*,skip,,,True,fetch_failed_or_no_tier1,
0106069682,has_product_catalog,abstain,True,,True,tier2_disabled,
0106069682,has_order_cart,abstain,True,,True,tier2_disabled,
0106069682,payment_methods,abstain,[],[],True,tier2_disabled,
0106069682,social_links,abstain,"[{'platform': 'facebook', 'url': 'https://www.facebook.com/TapdoanSonHa/'}, {'platform': 'zalo', 'url': 'https://zalo.me/84944156390050911'}, {'platform': 'youtube', 'url': 'https://www.youtube.com/c/TapdoanSonHa'}]",[],True,tier2_disabled,
0106069682,marketplace_links,abstain,[],[],True,tier2_disabled,
0106069682,website_language,abstain,vi,,True,tier2_disabled,
0106149881,has_product_catalog,abstain,False,,True,tier2_disabled,
0106149881,has_order_cart,abstain,False,,True,tier2_disabled,
0106149881,payment_methods,abstain,[],[],True,tier2_disabled,
0106149881,social_links,abstain,[],[],True,tier2_disabled,
0106149881,marketplace_links,abstain,[],[],True,tier2_disabled,
0106149881,website_language,abstain,unknown,,True,tier2_disabled,
0106194161-001,*,skip,,,True,fetch_failed_or_no_tier1,
0106250747,*,skip,,,True,fetch_failed_or_no_tier1,
0106898305,has_product_catalog,abstain,True,,True,tier2_disabled,
0106898305,has_order_cart,abstain,True,,True,tier2_disabled,
0106898305,payment_methods,abstain,[],[],True,tier2_disabled,
0106898305,social_links,abstain,[],[],True,tier2_disabled,
0106898305,marketplace_links,abstain,[],[],True,tier2_disabled,
0106898305,website_language,abstain,vi,,True,tier2_disabled,
0107066638,*,skip,,,True,fetch_failed_or_no_tier1,
0107165501,*,skip,,,True,fetch_failed_or_no_tier1,
0107740399,*,skip,,,True,fetch_failed_or_no_tier1,
0107866095,*,skip,,,True,fetch_failed_or_no_tier1,
0108241931,*,skip,,,True,fetch_failed_or_no_tier1,
0111453157-005,*,skip,,,True,fetch_failed_or_no_tier1,
0111453157-006,*,skip,,,True,fetch_failed_or_no_tier1,
0111461775-004,*,skip,,,True,fetch_failed_or_no_tier1,
0111469100-015,*,skip,,,True,fetch_failed_or_no_tier1,
0111469100-031,*,skip,,,True,fetch_failed_or_no_tier1,
0111469100-046,*,skip,,,True,fetch_failed_or_no_tier1,
0111469100-049,*,skip,,,True,fetch_failed_or_no_tier1,
0200344752-001,*,skip,,,True,fetch_failed_or_no_tier1,
0200580911,*,skip,,,True,fetch_failed_or_no_tier1,
0201197927,*,skip,,,True,fetch_failed_or_no_tier1,
0300606715-007,*,skip,,,True,fetch_failed_or_no_tier1,
0304152188-003,*,skip,,,True,fetch_failed_or_no_tier1,
0304244470-008,*,skip,,,True,fetch_failed_or_no_tier1,
0304531098-001,has_product_catalog,abstain,True,,True,tier2_disabled,
0304531098-001,has_order_cart,abstain,True,,True,tier2_disabled,
0304531098-001,payment_methods,abstain,[],[],True,tier2_disabled,
0304531098-001,social_links,abstain,"[{'platform': 'zalo', 'url': 'https://zalo.me/0934073399'}]",[],True,tier2_disabled,
0304531098-001,marketplace_links,abstain,[],[],True,tier2_disabled,
0304531098-001,website_language,abstain,vi,,True,tier2_disabled,
0304531098-002,has_product_catalog,abstain,True,,True,tier2_disabled,
0304531098-002,has_order_cart,abstain,True,,True,tier2_disabled,
0304531098-002,payment_methods,abstain,[],[],True,tier2_disabled,
0304531098-002,social_links,abstain,"[{'platform': 'zalo', 'url': 'https://zalo.me/0934073399'}]",[],True,tier2_disabled,
0304531098-002,marketplace_links,abstain,[],[],True,tier2_disabled,
0304531098-002,website_language,abstain,vi,,True,tier2_disabled,
0305755968-001,*,skip,,,True,fetch_failed_or_no_tier1,
0306043498-001,*,skip,,,True,fetch_failed_or_no_tier1,
0308808103-001,has_product_catalog,abstain,False,,True,tier2_disabled,
0308808103-001,has_order_cart,abstain,False,,True,tier2_disabled,
0308808103-001,payment_methods,abstain,[],[],True,tier2_disabled,
0308808103-001,social_links,abstain,[],[],True,tier2_disabled,
0308808103-001,marketplace_links,abstain,[],[],True,tier2_disabled,
0308808103-001,website_language,abstain,vi,,True,tier2_disabled,
0309129626-001,has_product_catalog,abstain,True,,True,tier2_disabled,
0309129626-001,has_order_cart,abstain,True,,True,tier2_disabled,
0309129626-001,payment_methods,abstain,[],[],True,tier2_disabled,
0309129626-001,social_links,abstain,"[{'platform': 'facebook', 'url': 'https://www.facebook.com/hungphat.giangiaocoppha'}, {'platform': 'youtube', 'url': 'https://www.youtube.com/HungPhattv'}]",[],True,tier2_disabled,
0309129626-001,marketplace_links,abstain,[],[],True,tier2_disabled,
0309129626-001,website_language,abstain,vi,,True,tier2_disabled,
0309438342-001,has_product_catalog,abstain,True,,True,tier2_disabled,
0309438342-001,has_order_cart,abstain,True,,True,tier2_disabled,
0309438342-001,payment_methods,abstain,[],[],True,tier2_disabled,
0309438342-001,social_links,abstain,"[{'platform': 'zalo', 'url': 'https://zalo.me/0822791791'}]",[],True,tier2_disabled,
0309438342-001,marketplace_links,abstain,[],[],True,tier2_disabled,
0309438342-001,website_language,abstain,vi,,True,tier2_disabled,
0310294688,has_product_catalog,abstain,True,,True,tier2_disabled,
0310294688,has_order_cart,abstain,True,,True,tier2_disabled,
0310294688,payment_methods,abstain,[],[],True,tier2_disabled,
0310294688,social_links,abstain,"[{'platform': 'zalo', 'url': 'https://zalo.me/'}]",[],True,tier2_disabled,
0310294688,marketplace_links,abstain,[],[],True,tier2_disabled,
0310294688,website_language,abstain,vi,,True,tier2_disabled,
0310650135,*,skip,,,True,fetch_failed_or_no_tier1,
0311324198,*,skip,,,True,fetch_failed_or_no_tier1,
0311452915,*,skip,,,True,fetch_failed_or_no_tier1,
0312159363-004,*,skip,,,True,fetch_failed_or_no_tier1,
0312159363-006,*,skip,,,True,fetch_failed_or_no_tier1,
0312358432,*,skip,,,True,fetch_failed_or_no_tier1,
0312421606,*,skip,,,True,fetch_failed_or_no_tier1,
0312448164,*,skip,,,True,fetch_failed_or_no_tier1,
0312585026,has_product_catalog,abstain,True,,True,tier2_disabled,
0312585026,has_order_cart,abstain,True,,True,tier2_disabled,
0312585026,payment_methods,abstain,[],[],True,tier2_disabled,
0312585026,social_links,abstain,"[{'platform': 'youtube', 'url': 'https://youtu.be/PxTynpneKFI'}, {'platform': 'facebook', 'url': 'https://www.facebook.com/profile.php?id=100090730277865&locale=vi_VN'}, {'platform': 'youtube', 'url': 'https://youtu.be/BkOuDaXicQg'}, {'platform': 'zalo', 'url': 'https://zalo.me/'}]",[],True,tier2_disabled,
0312585026,marketplace_links,abstain,[],[],True,tier2_disabled,
0312585026,website_language,abstain,vi,,True,tier2_disabled,
0312761024,*,skip,,,True,fetch_failed_or_no_tier1,
0313063960,*,skip,,,True,fetch_failed_or_no_tier1,
0102784064,*,skip,,,True,fetch_failed_or_no_tier1,
0102997947,*,skip,,,True,fetch_failed_or_no_tier1,
0105252117,*,skip,,,True,fetch_failed_or_no_tier1,
0105494187,has_product_catalog,abstain,False,,True,tier2_disabled,
0105494187,has_order_cart,abstain,False,,True,tier2_disabled,
0105494187,payment_methods,abstain,[],[],True,tier2_disabled,
0105494187,social_links,abstain,[],[],True,tier2_disabled,
0105494187,marketplace_links,abstain,[],[],True,tier2_disabled,
0105494187,website_language,abstain,vi,,True,tier2_disabled,
0106171943,*,skip,,,True,fetch_failed_or_no_tier1,
0106459280,*,skip,,,True,fetch_failed_or_no_tier1,
0106511406,*,skip,,,True,fetch_failed_or_no_tier1,
0106667354,*,skip,,,True,fetch_failed_or_no_tier1,
0106908257,has_product_catalog,abstain,False,,True,tier2_disabled,
0106908257,has_order_cart,abstain,False,,True,tier2_disabled,
0106908257,payment_methods,abstain,[],[],True,tier2_disabled,
0106908257,social_links,abstain,[],[],True,tier2_disabled,
0106908257,marketplace_links,abstain,[],[],True,tier2_disabled,
0106908257,website_language,abstain,vi,,True,tier2_disabled,
0106936254,*,skip,,,True,fetch_failed_or_no_tier1,
0106939946,*,skip,,,True,fetch_failed_or_no_tier1,
0107600881,*,skip,,,True,fetch_failed_or_no_tier1,
0107691977,*,skip,,,True,fetch_failed_or_no_tier1,
0107752475,has_product_catalog,abstain,True,,True,tier2_disabled,
0107752475,has_order_cart,abstain,True,,True,tier2_disabled,
0107752475,payment_methods,abstain,[],[],True,tier2_disabled,
0107752475,social_links,abstain,[],[],True,tier2_disabled,
0107752475,marketplace_links,abstain,[],[],True,tier2_disabled,
0107752475,website_language,abstain,vi,,True,tier2_disabled,
0108501682,has_product_catalog,abstain,True,,True,tier2_disabled,
0108501682,has_order_cart,abstain,True,,True,tier2_disabled,
0108501682,payment_methods,abstain,[],[],True,tier2_disabled,
0108501682,social_links,abstain,"[{'platform': 'facebook', 'url': 'https://www.facebook.com/hungphat.giangiaocoppha'}, {'platform': 'youtube', 'url': 'https://www.youtube.com/HungPhattv'}]",[],True,tier2_disabled,
0108501682,marketplace_links,abstain,[],[],True,tier2_disabled,
0108501682,website_language,abstain,vi,,True,tier2_disabled,
0108506747,*,skip,,,True,fetch_failed_or_no_tier1,
0108694240,*,skip,,,True,fetch_failed_or_no_tier1,
0110454750,has_product_catalog,abstain,True,,True,tier2_disabled,
0110454750,has_order_cart,abstain,True,,True,tier2_disabled,
0110454750,payment_methods,abstain,[],[],True,tier2_disabled,
0110454750,social_links,abstain,"[{'platform': 'facebook', 'url': 'https://www.facebook.com/sharer.php?u=https://dinhvu.com.vn/'}, {'platform': 'x', 'url': 'https://twitter.com/share?url=https://dinhvu.com.vn/'}, {'platform': 'linkedin', 'url': 'https://www.linkedin.com/shareArticle?mini=true&url=https://dinhvu.com.vn/&title=Trang%20ch%E1%BB%A7'}, {'platform': 'zalo', 'url': 'http://zalo.me/0918649669'}]",[],True,tier2_disabled,
0110454750,marketplace_links,abstain,[],[],True,tier2_disabled,
0110454750,website_language,abstain,vi,,True,tier2_disabled,
0200835599,*,skip,,,True,fetch_failed_or_no_tier1,
0200835599-001,*,skip,,,True,fetch_failed_or_no_tier1,
0201133137,*,skip,,,True,fetch_failed_or_no_tier1,
0201240026,*,skip,,,True,fetch_failed_or_no_tier1,
0201545349,*,skip,,,True,fetch_failed_or_no_tier1,
0309875328-001,*,skip,,,True,fetch_failed_or_no_tier1,
0310188640,*,skip,,,True,fetch_failed_or_no_tier1,
0310258834-001,*,skip,,,True,fetch_failed_or_no_tier1,
0310486446,*,skip,,,True,fetch_failed_or_no_tier1,
0310515841-001,*,skip,,,True,fetch_failed_or_no_tier1,
0311589797-002,*,skip,,,True,fetch_failed_or_no_tier1,
0311696460,*,skip,,,True,fetch_failed_or_no_tier1,
0311877065,has_product_catalog,abstain,True,,True,tier2_disabled,
0311877065,has_order_cart,abstain,True,,True,tier2_disabled,
0311877065,payment_methods,abstain,[],[],True,tier2_disabled,
0311877065,social_links,abstain,"[{'platform': 'zalo', 'url': 'https://zalo.me/0964079944'}]",[],True,tier2_disabled,
0311877065,marketplace_links,abstain,[],[],True,tier2_disabled,
0311877065,website_language,abstain,vi,,True,tier2_disabled,
0311961327,has_product_catalog,abstain,True,,True,tier2_disabled,
0311961327,has_order_cart,abstain,True,,True,tier2_disabled,
0311961327,payment_methods,abstain,[],[],True,tier2_disabled,
0311961327,social_links,abstain,"[{'platform': 'facebook', 'url': 'https://www.facebook.com/VLXD-S%E1%BA%AFt-th%C3%A9p-H%C3%B9ng-C%C6%B0%E1%BB%9Dng-1479141895523396/'}, {'platform': 'zalo', 'url': 'http://business.zalo.me/'}]",[],True,tier2_disabled,
0311961327,marketplace_links,abstain,[],[],True,tier2_disabled,
0311961327,website_language,abstain,vi,,True,tier2_disabled,
0311961327-001,has_product_catalog,abstain,True,,True,tier2_disabled,
0311961327-001,has_order_cart,abstain,True,,True,tier2_disabled,
0311961327-001,payment_methods,abstain,[],[],True,tier2_disabled,
0311961327-001,social_links,abstain,"[{'platform': 'facebook', 'url': 'https://www.facebook.com/VLXD-S%E1%BA%AFt-th%C3%A9p-H%C3%B9ng-C%C6%B0%E1%BB%9Dng-1479141895523396/'}, {'platform': 'zalo', 'url': 'http://business.zalo.me/'}]",[],True,tier2_disabled,
0311961327-001,marketplace_links,abstain,[],[],True,tier2_disabled,
0311961327-001,website_language,abstain,vi,,True,tier2_disabled,
0312194671,*,skip,,,True,fetch_failed_or_no_tier1,
0312199045,has_product_catalog,abstain,True,,True,tier2_disabled,
0312199045,has_order_cart,abstain,True,,True,tier2_disabled,
0312199045,payment_methods,abstain,[],[],True,tier2_disabled,
0312199045,social_links,abstain,"[{'platform': 'facebook', 'url': 'https://www.facebook.com/VLXD-S%E1%BA%AFt-th%C3%A9p-H%C3%B9ng-C%C6%B0%E1%BB%9Dng-1479141895523396/'}, {'platform': 'zalo', 'url': 'http://business.zalo.me/'}]",[],True,tier2_disabled,
0312199045,marketplace_links,abstain,[],[],True,tier2_disabled,
0312199045,website_language,abstain,vi,,True,tier2_disabled,
0312346035,*,skip,,,True,fetch_failed_or_no_tier1,
0312346035-001,*,skip,,,True,fetch_failed_or_no_tier1,
0312496087,*,skip,,,True,fetch_failed_or_no_tier1,
0312523968,*,skip,,,True,fetch_failed_or_no_tier1,
0312765364-001,has_product_catalog,abstain,True,,True,tier2_disabled,
0312765364-001,has_order_cart,abstain,True,,True,tier2_disabled,
0312765364-001,payment_methods,abstain,[],[],True,tier2_disabled,
0312765364-001,social_links,abstain,"[{'platform': 'zalo', 'url': 'https://zalo.me/0822791791'}]",[],True,tier2_disabled,
0312765364-001,marketplace_links,abstain,[],[],True,tier2_disabled,
0312765364-001,website_language,abstain,vi,,True,tier2_disabled,
0312842347,*,skip,,,True,fetch_failed_or_no_tier1,
0313011747,*,skip,,,True,fetch_failed_or_no_tier1,
0313176971,*,skip,,,True,fetch_failed_or_no_tier1,
0313206457,*,skip,,,True,fetch_failed_or_no_tier1,
0313279409,*,skip,,,True,fetch_failed_or_no_tier1,
0314091135,*,skip,,,True,fetch_failed_or_no_tier1,
0314163171,has_product_catalog,abstain,True,,True,tier2_disabled,
0314163171,has_order_cart,abstain,True,,True,tier2_disabled,
0314163171,payment_methods,abstain,[],[],True,tier2_disabled,
0314163171,social_links,abstain,"[{'platform': 'zalo', 'url': 'https://zalo.me/0909850022'}]",[],True,tier2_disabled,
0314163171,marketplace_links,abstain,[],[],True,tier2_disabled,
0314163171,website_language,abstain,vi,,True,tier2_disabled,
0314163171-001,has_product_catalog,abstain,True,,True,tier2_disabled,
0314163171-001,has_order_cart,abstain,True,,True,tier2_disabled,
0314163171-001,payment_methods,abstain,[],[],True,tier2_disabled,
0314163171-001,social_links,abstain,"[{'platform': 'zalo', 'url': 'https://zalo.me/0909850022'}]",[],True,tier2_disabled,
0314163171-001,marketplace_links,abstain,[],[],True,tier2_disabled,
0314163171-001,website_language,abstain,vi,,True,tier2_disabled,
0314202864,*,skip,,,True,fetch_failed_or_no_tier1,
0314374292,*,skip,,,True,fetch_failed_or_no_tier1,
